<?xml version="1.0" encoding="UTF-8"?>
<addon id="plugin.video.FreeFilmZ"
version="ALPHA V0.0.1"
name="FreeFilmZ"
provider-name="FreeFilmZ Development Team">
<requires>
  <import addon="xbmc.python" version="2.25.0"/>
    <import addon="script.module.metadatautils" version="1.0.0"/>
</requires>
<extension point="xbmc.python.pluginsource" library="main.py">
  <provides>video</provides>
</extension>
<extension point="xbmc.addon.metadata">
  <summary lang="en">Welcome to FreeFilmZ</summary>
  <description lang="en_GB">Watch Free HD Movies and TV Shows</description>
  <disclaimer lang="en_GB">USE AT YOUR OWN RISK FAM</disclaimer>
  <assets>
    <icon>icon.png</icon>
    <fanart>fanart.jpg</fanart>
    <screenshot>resources\screenshot-01.jpg</screenshot>
    <screenshot>resources\screenshot-02.jpg</screenshot>
    <screenshot>resources\screenshot-03.jpg</screenshot>    
  </assets>
  <news>Updated with latest artwork metadata</news>
</extension>
</addon>
